Year,Month,Day,DayOfWeek,Predicted_Close,Predicted_Volume,Date
2024,1,1,0,6.7384,2292263.5,01-01-2024
2024,1,2,1,6.6955,2135713.6,02-01-2024
2024,1,3,2,6.6868,2418595.4,03-01-2024
2024,1,4,3,6.5971,2032860.1,04-01-2024
2024,1,5,4,6.657,2430525.5,05-01-2024
2024,1,8,0,6.7053,1949941.2,08-01-2024
2024,1,9,1,6.6981,2018621,09-01-2024
2024,1,10,2,6.7115,2040049.3,10-01-2024
2024,1,11,3,6.7417,2099181.6,11-01-2024
2024,1,12,4,6.7986,2164550.7,12-01-2024
2024,1,15,0,6.759,2125304.8,15-01-2024
2024,1,16,1,6.7521,2114887.6,16-01-2024
2024,1,17,2,6.7615,2021078.5,17-01-2024
2024,1,18,3,6.5797,1884353.3,18-01-2024
2024,1,19,4,6.1776,1809919.5,19-01-2024
2024,1,22,0,6.2293,11061964.1,22-01-2024
2024,1,23,1,6.2799,9066100,23-01-2024
2024,1,24,2,6.2582,10788357.1,24-01-2024
2024,1,25,3,6.1938,10296200,25-01-2024
2024,1,26,4,6.1678,10487700,26-01-2024
2024,1,29,0,6.1654,10058500,29-01-2024
2024,1,30,1,6.1431,9489400,30-01-2024
2024,1,31,2,6.134,17449500,31-01-2024
2024,2,1,3,6.4038,22880600,01-02-2024
2024,2,2,4,6.48,29161000,02-02-2024
2024,2,5,0,6.5262,15711100,05-02-2024
2024,2,6,1,6.6276,12174424.2,06-02-2024
2024,2,7,2,6.7027,11744848.4,07-02-2024
2024,2,8,3,6.6902,10289348.4,08-02-2024
2024,2,9,4,6.6883,10658962.1,09-02-2024
2024,2,12,0,6.7195,10742262.1,12-02-2024
2024,2,13,1,6.7364,10460062.1,13-02-2024
2024,2,14,2,6.7752,10805262.1,14-02-2024
2024,2,15,3,6.7593,10701762.1,15-02-2024
2024,2,16,4,6.7543,10554862.1,16-02-2024
2024,2,19,0,6.3411,10304662.1,19-02-2024
2024,2,20,1,5.9519,10401462.1,20-02-2024
2024,2,21,2,5.7944,10913400,21-02-2024
2024,2,22,3,5.8426,9528400,22-02-2024
2024,2,23,4,5.9366,9918700,23-02-2024
2024,2,26,0,5.9684,9299900,26-02-2024
2024,2,27,1,6.002,10001200,27-02-2024
2024,2,28,2,6.0149,10456400,28-02-2024
2024,2,29,3,6.0629,10688600,29-02-2024
2024,3,1,4,6.3066,10518062.1,01-03-2024
2024,3,4,0,6.4415,9852324.2,04-03-2024
2024,3,5,1,6.4206,9611862.1,05-03-2024
2024,3,6,2,6.4238,9702600,06-03-2024
2024,3,7,3,6.3178,9492962.1,07-03-2024
2024,3,8,4,6.3623,9471000,08-03-2024
2024,3,11,0,6.4788,9601200,11-03-2024
2024,3,12,1,6.421,9104500,12-03-2024
2024,3,13,2,6.4374,10761075.3,13-03-2024
2024,3,14,3,6.3166,10885062.1,14-03-2024
2024,3,15,4,6.3481,9816762.1,15-03-2024
2024,3,18,0,6.3036,9577662.1,18-03-2024
2024,3,19,1,5.9614,8928300,19-03-2024
2024,3,20,2,5.6882,10278657.1,20-03-2024
2024,3,21,3,5.3834,10799100,21-03-2024
2024,3,22,4,5.3391,10974400,22-03-2024
2024,3,25,0,5.531,8684200,25-03-2024
2024,3,26,1,5.6011,11029457.1,26-03-2024
2024,3,27,2,5.6973,9462400,27-03-2024
2024,3,28,3,5.6095,9129100,28-03-2024
2024,3,29,4,5.5948,11068657.1,29-03-2024
2024,4,1,0,5.5705,9800324.2,01-04-2024
2024,4,2,1,5.523,9429262.1,02-04-2024
2024,4,3,2,5.5284,9571700,03-04-2024
2024,4,4,3,5.4706,9342900,04-04-2024
2024,4,5,4,5.4521,10384200,05-04-2024
2024,4,8,0,5.4884,9905124.2,08-04-2024
2024,4,9,1,5.5209,9435224.2,09-04-2024
2024,4,10,2,5.401,9637600,10-04-2024
2024,4,11,3,5.3249,9485300,11-04-2024
2024,4,12,4,5.313,9839500,12-04-2024
2024,4,15,0,5.3466,10202762.1,15-04-2024
2024,4,16,1,5.4153,9811062.1,16-04-2024
2024,4,17,2,5.4019,10412162.1,17-04-2024
2024,4,18,3,5.3484,11287262.1,18-04-2024
2024,4,19,4,5.3429,12546662.1,19-04-2024
2024,4,22,0,5.3729,15862362.1,22-04-2024
2024,4,23,1,5.5659,14802462.1,23-04-2024
2024,4,24,2,5.5302,16555962.1,24-04-2024
2024,4,25,3,5.4869,13095362.1,25-04-2024
2024,4,26,4,5.4966,15305100,26-04-2024
2024,4,29,0,5.6017,14852762.1,29-04-2024
2024,4,30,1,5.6536,14739662.1,30-04-2024
2024,5,1,2,5.5441,15202524.2,01-05-2024
2024,5,2,3,5.5968,14680424.2,02-05-2024
2024,5,3,4,5.6285,16083924.2,03-05-2024
2024,5,6,0,5.4856,12206524.2,06-05-2024
2024,5,7,1,5.5882,10998148.4,07-05-2024
2024,5,8,2,5.649,10036624.2,08-05-2024
2024,5,9,3,5.4112,9969224.2,09-05-2024
2024,5,10,4,5.3537,9927262.1,10-05-2024
2024,5,13,0,5.3531,10021062.1,13-05-2024
2024,5,14,1,5.3984,9946862.1,14-05-2024
2024,5,15,2,5.3743,10460362.1,15-05-2024
2024,5,16,3,5.3766,11003662.1,16-05-2024
2024,5,17,4,5.3803,10373862.1,17-05-2024
2024,5,20,0,5.4092,10732762.1,20-05-2024
2024,5,21,1,5.4552,10586000,21-05-2024
2024,5,22,2,5.4025,10598300,22-05-2024
2024,5,23,3,5.4988,11017500,23-05-2024
2024,5,24,4,5.4667,9383600,24-05-2024
2024,5,27,0,5.5857,14900800,27-05-2024
2024,5,28,1,5.6313,14069262.1,28-05-2024
2024,5,29,2,5.4667,13554562.1,29-05-2024
2024,5,30,3,5.5504,13433262.1,30-05-2024
2024,5,31,4,5.4612,16945400,31-05-2024
2024,6,3,0,5.5308,12455524.2,03-06-2024
2024,6,4,1,5.5054,12979848.4,04-06-2024
2024,6,5,2,5.5233,11030848.4,05-06-2024
2024,6,6,3,5.5057,9889724.2,06-06-2024
2024,6,7,4,5.5213,9979362.1,07-06-2024
2024,6,10,0,5.4323,10013624.2,10-06-2024
2024,6,11,1,5.4355,9946524.2,11-06-2024
2024,6,12,2,5.4189,10490762.1,12-06-2024
2024,6,13,3,5.3599,11281062.1,13-06-2024
2024,6,14,4,5.3501,12291662.1,14-06-2024
2024,6,17,0,5.4557,11900524.2,17-06-2024
2024,6,18,1,5.503,12224024.2,18-06-2024
2024,6,19,2,5.5048,13536724.2,19-06-2024
2024,6,20,3,5.4596,13467824.2,20-06-2024
2024,6,21,4,5.4223,14205000,21-06-2024
2024,6,24,0,5.5241,13748462.1,24-06-2024
2024,6,25,1,5.5332,13576362.1,25-06-2024
2024,6,26,2,5.5296,13726962.1,26-06-2024
2024,6,27,3,5.555,14180062.1,27-06-2024
2024,6,28,4,5.527,15221400,28-06-2024
2024,7,1,0,5.5141,13525024.2,01-07-2024
2024,7,2,1,5.5446,11305248.4,02-07-2024
2024,7,3,2,5.5315,11487048.4,03-07-2024
2024,7,4,3,5.5184,12028148.4,04-07-2024
2024,7,5,4,5.5109,13250624.2,05-07-2024
2024,7,8,0,5.5247,10366848.4,08-07-2024
2024,7,9,1,5.5075,10425224.2,09-07-2024
2024,7,10,2,5.4485,10765324.2,10-07-2024
2024,7,11,3,5.3811,11007124.2,11-07-2024
2024,7,12,4,5.3862,9750962.1,12-07-2024
2024,7,15,0,5.4,10449062.1,15-07-2024
2024,7,16,1,5.4533,10431962.1,16-07-2024
2024,7,17,2,5.4881,11130662.1,17-07-2024
2024,7,18,3,5.4432,10403962.1,18-07-2024
2024,7,19,4,5.4062,10725062.1,19-07-2024
2024,7,22,0,5.4531,9439300,22-07-2024
2024,7,23,1,5.5455,9262100,23-07-2024
2024,7,24,2,5.5192,9729400,24-07-2024
2024,7,25,3,5.4926,9972300,25-07-2024
2024,7,26,4,5.4809,10103600,26-07-2024
2024,7,29,0,5.5758,9476600,29-07-2024
2024,7,30,1,5.5754,9301400,30-07-2024
2024,7,31,2,5.496,17084100,31-07-2024
2024,8,1,3,5.5452,16450862.1,01-08-2024
2024,8,2,4,5.5337,15665962.1,02-08-2024
2024,8,5,0,5.486,11681424.2,05-08-2024
2024,8,6,1,5.5268,9120748.4,06-08-2024
2024,8,7,2,5.5047,10214375.3,07-08-2024
2024,8,8,3,5.5236,10129024.2,08-08-2024
2024,8,9,4,5.4904,10374362.1,09-08-2024
2024,8,12,0,5.4235,10751562.1,12-08-2024
2024,8,13,1,5.4197,10387262.1,13-08-2024
2024,8,14,2,5.3999,10880062.1,14-08-2024
2024,8,15,3,5.3712,10027362.1,15-08-2024
2024,8,16,4,5.3803,10430462.1,16-08-2024
2024,8,19,0,5.473,10570062.1,19-08-2024
2024,8,20,1,5.511,10313762.1,20-08-2024
2024,8,21,2,5.4827,10972800,21-08-2024
2024,8,22,3,5.4375,9274500,22-08-2024
2024,8,23,4,5.4671,10904500,23-08-2024
2024,8,26,0,5.5485,8562700,26-08-2024
2024,8,27,1,5.5923,10943557.1,27-08-2024
2024,8,28,2,5.6069,9559300,28-08-2024
2024,8,29,3,5.5384,9178300,29-08-2024
2024,8,30,4,5.5139,11093257.1,30-08-2024
2024,9,2,0,5.533,9651186.3,02-09-2024
2024,9,3,1,5.5268,9711600,03-09-2024
2024,9,4,2,5.5116,10630062.1,04-09-2024
2024,9,5,3,5.5176,10105924.2,05-09-2024
2024,9,6,4,5.512,10243462.1,06-09-2024
2024,9,9,0,5.5061,10540524.2,09-09-2024
2024,9,10,1,5.4522,10649024.2,10-09-2024
2024,9,11,2,5.4439,11280124.2,11-09-2024
2024,9,12,3,5.3708,10890162.1,12-09-2024
2024,9,13,4,5.3798,10173362.1,13-09-2024
2024,9,16,0,5.4217,10762962.1,16-09-2024
2024,9,17,1,5.4783,10932362.1,17-09-2024
2024,9,18,2,5.489,10680262.1,18-09-2024
2024,9,19,3,5.4576,10821862.1,19-09-2024
2024,9,20,4,5.4311,10478562.1,20-09-2024
2024,9,23,0,5.5151,10412900,23-09-2024
2024,9,24,1,5.5403,10539000,24-09-2024
2024,9,25,2,5.5056,10518800,25-09-2024
2024,9,26,3,5.5131,10540900,26-09-2024
2024,9,27,4,5.5252,10708000,27-09-2024
2024,9,30,0,5.5748,9783400,30-09-2024
2024,10,1,1,5.5185,10642062.1,01-10-2024
2024,10,2,2,5.5283,10651024.2,02-10-2024
2024,10,3,3,5.5417,11032724.2,03-10-2024
2024,10,4,4,5.5252,10389062.1,04-10-2024
2024,10,7,0,5.4892,10622624.2,07-10-2024
2024,10,8,1,5.5448,10412824.2,08-10-2024
2024,10,9,2,5.5051,11101624.2,09-10-2024
2024,10,10,3,5.4105,10919786.3,10-10-2024
2024,10,11,4,5.373,10428262.1,11-10-2024
2024,10,14,0,5.4016,10933962.1,14-10-2024
2024,10,15,1,5.4372,9845062.1,15-10-2024
2024,10,16,2,5.4176,10929462.1,16-10-2024
2024,10,17,3,5.4085,10299162.1,17-10-2024
2024,10,18,4,5.4025,10795562.1,18-10-2024
2024,10,21,0,5.4648,10603600,21-10-2024
2024,10,22,1,5.4716,10340600,22-10-2024
2024,10,23,2,5.5272,11281600,23-10-2024
2024,10,24,3,5.5071,11011300,24-10-2024
2024,10,25,4,5.468,9232500,25-10-2024
2024,10,28,0,5.5904,11269800,28-10-2024
2024,10,29,1,5.5907,10779300,29-10-2024
2024,10,30,2,5.5841,11109400,30-10-2024
2024,10,31,3,5.5007,15671000,31-10-2024
2024,11,1,4,5.5444,25705300,01-11-2024
2024,11,4,0,5.5035,22168200,04-11-2024
2024,11,5,1,5.5185,20289400,05-11-2024
2024,11,6,2,5.5047,21271100,06-11-2024
2024,11,7,3,5.5158,23275600,07-11-2024
2024,11,8,4,5.5169,22574500,08-11-2024
2024,11,11,0,5.4292,21106300,11-11-2024
2024,11,12,1,5.4258,19917800,12-11-2024
2024,11,13,2,5.4115,19832000,13-11-2024
2024,11,14,3,5.3517,20505600,14-11-2024
2024,11,15,4,5.348,21819600,15-11-2024
2024,11,18,0,5.4566,21058400,18-11-2024
2024,11,19,1,5.5182,18894000,19-11-2024
2024,11,20,2,5.4914,19844400,20-11-2024
2024,11,21,3,5.4469,20035400,21-11-2024
2024,11,22,4,5.3973,19872600,22-11-2024
2024,11,25,0,5.5386,19142100,25-11-2024
2024,11,26,1,5.5513,18383000,26-11-2024
2024,11,27,2,5.5675,21352200,27-11-2024
2024,11,28,3,5.5606,21295200,28-11-2024
2024,11,29,4,5.5129,20673600,29-11-2024
2024,12,2,0,5.533,24917700,02-12-2024
2024,12,3,1,5.5268,23315900,03-12-2024
2024,12,4,2,5.5116,22032000,04-12-2024
2024,12,5,3,5.5176,23639600,05-12-2024
2024,12,6,4,5.512,22398900,06-12-2024
2024,12,9,0,5.5061,21314700,09-12-2024
2024,12,10,1,5.4522,20466200,10-12-2024
2024,12,11,2,5.4439,21473600,11-12-2024
2024,12,12,3,5.3708,23243600,12-12-2024
2024,12,13,4,5.3798,22624100,13-12-2024
2024,12,16,0,5.4217,21292900,16-12-2024
2024,12,17,1,5.4783,20065000,17-12-2024
2024,12,18,2,5.489,20646200,18-12-2024
2024,12,19,3,5.4576,21285000,19-12-2024
2024,12,20,4,5.4311,21991000,20-12-2024
2024,12,23,0,5.5151,20342600,23-12-2024
2024,12,24,1,5.5403,18799800,24-12-2024
2024,12,25,2,5.5056,22208600,25-12-2024
2024,12,26,3,5.5131,21662500,26-12-2024
2024,12,27,4,5.5252,21496600,27-12-2024
2024,12,30,0,5.5748,19317700,30-12-2024
2024,12,31,1,5.5072,19450400,31-12-2024
2025,1,1,2,5.5576,27709400,01-01-2025
2025,1,2,3,5.5083,30570000,02-01-2025
2025,1,3,4,5.5247,18704600,03-01-2025
2025,1,6,0,5.5285,25728200,06-01-2025
2025,1,7,1,5.5739,25693700,07-01-2025
2025,1,8,2,5.5657,27624500,08-01-2025
2025,1,9,3,5.4774,26540900,09-01-2025
2025,1,10,4,5.4049,26473400,10-01-2025
2025,1,13,0,5.413,25660700,13-01-2025
2025,1,14,1,5.4631,25633700,14-01-2025
2025,1,15,2,5.445,27301700,15-01-2025
2025,1,16,3,5.3796,26956300,16-01-2025
2025,1,17,4,5.4235,25065500,17-01-2025
2025,1,20,0,5.4208,25059600,20-01-2025
2025,1,21,1,5.4769,23385300,21-01-2025
2025,1,22,2,5.4539,24559100,22-01-2025
2025,1,23,3,5.55,24408400,23-01-2025
2025,1,24,4,5.5749,24452600,24-01-2025
2025,1,27,0,5.6993,22687800,27-01-2025
2025,1,28,1,5.7382,23196000,28-01-2025
2025,1,29,2,5.8182,23845300,29-01-2025
2025,1,30,3,5.9296,23637500,30-01-2025
2025,1,31,4,5.9777,23329300,31-01-2025
2025,2,3,0,6.3306,24816400,03-02-2025
2025,2,4,1,6.5098,23700000,04-02-2025
2025,2,5,2,6.5378,24103000,05-02-2025
2025,2,6,3,6.6035,25178200,06-02-2025
2025,2,7,4,6.6619,25352900,07-02-2025
2025,2,10,0,6.6865,22720300,10-02-2025
2025,2,11,1,6.7148,22555000,11-02-2025
2025,2,12,2,6.7386,25439900,12-02-2025
2025,2,13,3,6.7908,25374400,13-02-2025
2025,2,14,4,6.7718,25215200,14-02-2025
2025,2,17,0,6.7393,22504300,17-02-2025
2025,2,18,1,6.5832,22689700,18-02-2025
2025,2,19,2,6.168,24547500,19-02-2025
2025,2,20,3,5.8626,24696400,20-02-2025
2025,2,21,4,5.844,24060400,21-02-2025
2025,2,24,0,5.9241,20275100,24-02-2025
2025,2,25,1,5.9974,20653500,25-02-2025
2025,2,26,2,6.0085,23184700,26-02-2025
2025,2,27,3,6.0578,22725700,27-02-2025
2025,2,28,4,6.0725,23022500,28-02-2025
2025,3,3,0,6.4177,24073000,03-03-2025
2025,3,4,1,6.3959,22584600,04-03-2025
2025,3,5,2,6.428,24046900,05-03-2025
2025,3,6,3,6.3039,24375500,06-03-2025
2025,3,7,4,6.3665,25173400,07-03-2025
2025,3,10,0,6.4688,21803300,10-03-2025
2025,3,11,1,6.4361,21963200,11-03-2025
2025,3,12,2,6.4314,24590000,12-03-2025
2025,3,13,3,6.3183,25247500,13-03-2025
2025,3,14,4,6.3575,24374400,14-03-2025
2025,3,17,0,6.4476,21540800,17-03-2025
2025,3,18,1,6.2505,21568600,18-03-2025
2025,3,19,2,5.9618,23197200,19-03-2025
2025,3,20,3,5.6184,24271300,20-03-2025
2025,3,21,4,5.3613,22833900,21-03-2025
2025,3,24,0,5.5259,19542000,24-03-2025
2025,3,25,1,5.5756,20965500,25-03-2025
2025,3,26,2,5.5716,21915200,26-03-2025
2025,3,27,3,5.6089,22834700,27-03-2025
2025,3,28,4,5.6204,22261800,28-03-2025
2025,3,31,0,5.4805,19399400,31-03-2025
2025,4,1,1,5.5294,20445700,01-04-2025
2025,4,2,2,5.527,24756200,02-04-2025
2025,4,3,3,5.4983,24941000,03-04-2025
2025,4,4,4,5.4702,24231400,04-04-2025
2025,4,7,0,5.4663,19273700,07-04-2025
2025,4,8,1,5.5308,17704800,08-04-2025
2025,4,9,2,5.5125,16634800,09-04-2025
2025,4,10,3,5.3228,13468924.2,10-04-2025
2025,4,11,4,5.3291,15658124.2,11-04-2025
2025,4,14,0,5.3396,12997462.1,14-04-2025
2025,4,15,1,5.4009,12524524.2,15-04-2025
2025,4,16,2,5.3791,15599824.2,16-04-2025
2025,4,17,3,5.3711,14794362.1,17-04-2025
2025,4,18,4,5.3591,17431500,18-04-2025
2025,4,21,0,5.3842,15966800,21-04-2025
2025,4,22,1,5.4431,14819762.1,22-04-2025
2025,4,23,2,5.5113,17228762.1,23-04-2025
2025,4,24,3,5.4991,14284462.1,24-04-2025
2025,4,25,4,5.4703,16759800,25-04-2025
2025,4,28,0,5.6175,12872462.1,28-04-2025
2025,4,29,1,5.6517,14567162.1,29-04-2025
2025,4,30,2,5.5363,14876662.1,30-04-2025
2025,5,1,3,5.5968,16537224.2,01-05-2025
2025,5,2,4,5.6312,15145762.1,02-05-2025
2025,5,5,0,5.485,12888324.2,05-05-2025
2025,5,6,1,5.5818,10881748.4,06-05-2025
2025,5,7,2,5.6454,10247124.2,07-05-2025
2025,5,8,3,5.4374,10544024.2,08-05-2025
2025,5,9,4,5.5147,10936362.1,09-05-2025
2025,5,12,0,5.3562,10171162.1,12-05-2025
2025,5,13,1,5.4103,9905262.1,13-05-2025
2025,5,14,2,5.3504,10501162.1,14-05-2025
2025,5,15,3,5.3426,11022962.1,15-05-2025
2025,5,16,4,5.3289,10114362.1,16-05-2025
2025,5,19,0,5.3987,10007962.1,19-05-2025
2025,5,20,1,5.4641,9668462.1,20-05-2025
2025,5,21,2,5.422,10043900,21-05-2025
2025,5,22,3,5.3721,9562000,22-05-2025
2025,5,23,4,5.4777,10470500,23-05-2025
2025,5,26,0,5.5234,10234200,26-05-2025
2025,5,27,1,5.6112,9855500,27-05-2025
2025,5,28,2,5.6131,10602500,28-05-2025
2025,5,29,3,5.5414,10800400,29-05-2025
2025,5,30,4,5.5179,10778000,30-05-2025
2025,6,2,0,5.5141,10724024.2,02-06-2025
2025,6,3,1,5.5491,10477524.2,03-06-2025
2025,6,4,2,5.5086,11033624.2,04-06-2025
2025,6,5,3,5.5176,9875524.2,05-06-2025
2025,6,6,4,5.512,10037762.1,06-06-2025
2025,6,9,0,5.5061,10034524.2,09-06-2025
2025,6,10,1,5.4522,9847424.2,10-06-2025
2025,6,11,2,5.4439,10664362.1,11-06-2025
2025,6,12,3,5.3708,11500762.1,12-06-2025
2025,6,13,4,5.3798,12621362.1,13-06-2025
2025,6,16,0,5.4217,11918524.2,16-06-2025
2025,6,17,1,5.4783,11584524.2,17-06-2025
2025,6,18,2,5.489,11664924.2,18-06-2025
2025,6,19,3,5.4576,12065624.2,19-06-2025
2025,6,20,4,5.4311,14278162.1,20-06-2025
2025,6,23,0,5.5151,13848062.1,23-06-2025
2025,6,24,1,5.5403,13672362.1,24-06-2025
2025,6,25,2,5.5056,13958662.1,25-06-2025
2025,6,26,3,5.5131,14559462.1,26-06-2025
2025,6,27,4,5.5252,15582400,27-06-2025
2025,6,30,0,5.5748,13240062.1,30-06-2025
2025,7,1,1,5.5185,11565848.4,01-07-2025
2025,7,2,2,5.5283,11347148.4,02-07-2025
2025,7,3,3,5.5417,12031748.4,03-07-2025
2025,7,4,4,5.5252,15141424.2,04-07-2025
2025,7,7,0,5.4892,12420624.2,07-07-2025
2025,7,8,1,5.5448,11004748.4,08-07-2025
2025,7,9,2,5.5051,9926724.2,09-07-2025
2025,7,10,3,5.4105,9950024.2,10-07-2025
2025,7,11,4,5.373,10126762.1,11-07-2025
2025,7,14,0,5.4016,10482862.1,14-07-2025
2025,7,15,1,5.4372,10405662.1,15-07-2025
2025,7,16,2,5.4176,10965062.1,16-07-2025
2025,7,17,3,5.4085,9875662.1,17-07-2025
2025,7,18,4,5.4025,10380462.1,18-07-2025
2025,7,21,0,5.4648,10628100,21-07-2025
2025,7,22,1,5.4716,9769100,22-07-2025
2025,7,23,2,5.5272,10302200,23-07-2025
2025,7,24,3,5.5071,10101900,24-07-2025
2025,7,25,4,5.468,10176000,25-07-2025
2025,7,28,0,5.5904,9617400,28-07-2025
2025,7,29,1,5.5907,9535600,29-07-2025
2025,7,30,2,5.5841,9610900,30-07-2025
2025,7,31,3,5.5007,17084400,31-07-2025
2025,8,1,4,5.5444,19231400,01-08-2025
2025,8,4,0,5.5035,20034000,04-08-2025
2025,8,5,1,5.5185,17645400,05-08-2025
2025,8,6,2,5.5047,17007200,06-08-2025
2025,8,7,3,5.5158,14111624.2,07-08-2025
2025,8,8,4,5.5169,14796424.2,08-08-2025
2025,8,11,0,5.4292,11923824.2,11-08-2025
2025,8,12,1,5.4258,10106524.2,12-08-2025
2025,8,13,2,5.4115,10644662.1,13-08-2025
2025,8,14,3,5.3517,10716362.1,14-08-2025
2025,8,15,4,5.348,10498762.1,15-08-2025
2025,8,18,0,5.4566,10827662.1,18-08-2025
2025,8,19,1,5.5182,9699662.1,19-08-2025
2025,8,20,2,5.4914,10386162.1,20-08-2025
2025,8,21,3,5.4469,10944400,21-08-2025
2025,8,22,4,5.3973,9824100,22-08-2025
2025,8,25,0,5.5386,9586700,25-08-2025
2025,8,26,1,5.5513,8925200,26-08-2025
2025,8,27,2,5.5675,10493557.1,27-08-2025
2025,8,28,3,5.5606,10647100,28-08-2025
2025,8,29,4,5.5129,10344400,29-08-2025
2025,9,1,0,5.533,11151524.2,01-09-2025
2025,9,2,1,5.5215,10180786.3,02-09-2025
2025,9,3,2,5.5345,9939324.2,03-09-2025
2025,9,4,3,5.5184,10201724.2,04-09-2025
2025,9,5,4,5.5109,10185462.1,05-09-2025
2025,9,8,0,5.5247,10274624.2,08-09-2025
2025,9,9,1,5.5075,10663324.2,09-09-2025
2025,9,10,2,5.4485,10783424.2,10-09-2025
2025,9,11,3,5.3811,11187124.2,11-09-2025
2025,9,12,4,5.3862,10800062.1,12-09-2025
2025,9,15,0,5.4,10873662.1,15-09-2025
2025,9,16,1,5.4533,9893462.1,16-09-2025
2025,9,17,2,5.4881,10938062.1,17-09-2025
2025,9,18,3,5.4432,10252562.1,18-09-2025
2025,9,19,4,5.4062,10775162.1,19-09-2025
2025,9,22,0,5.4531,9647800,22-09-2025
2025,9,23,1,5.5455,9397200,23-09-2025
2025,9,24,2,5.5192,9290500,24-09-2025
2025,9,25,3,5.4926,9410900,25-09-2025
2025,9,26,4,5.4809,9796500,26-09-2025
2025,9,29,0,5.5758,9713400,29-09-2025
2025,9,30,1,5.5754,10289100,30-09-2025
2025,10,1,2,5.5253,11305324.2,01-10-2025
2025,10,2,3,5.5337,12279848.4,02-10-2025
2025,10,3,4,5.5434,15633024.2,03-10-2025
2025,10,6,0,5.4931,12436224.2,06-10-2025
2025,10,7,1,5.5259,11225048.4,07-10-2025
2025,10,8,2,5.5313,10969586.3,08-10-2025
2025,10,9,3,5.4886,10239924.2,09-10-2025
2025,10,10,4,5.4034,10761962.1,10-10-2025
2025,10,13,0,5.399,11220462.1,13-10-2025
2025,10,14,1,5.4329,10765462.1,14-10-2025
2025,10,15,2,5.4024,11529562.1,15-10-2025
2025,10,16,3,5.3832,11199624.2,16-10-2025
2025,10,17,4,5.4049,10966762.1,17-10-2025
2025,10,20,0,5.4744,9632362.1,20-10-2025
2025,10,21,1,5.4921,9853700,21-10-2025
2025,10,22,2,5.464,10336900,22-10-2025
2025,10,23,3,5.5066,11029300,23-10-2025
2025,10,24,4,5.4851,9235800,24-10-2025
2025,10,27,0,5.5887,10825500,27-10-2025
2025,10,28,1,5.6121,9982400,28-10-2025
2025,10,29,2,5.5839,11034200,29-10-2025
2025,10,30,3,5.5394,9858200,30-10-2025
2025,10,31,4,5.4594,27535400,31-10-2025
2025,11,3,0,5.5308,28807500,03-11-2025
2025,11,4,1,5.5054,15451300,04-11-2025
2025,11,5,2,5.5233,15050062.1,05-11-2025
2025,11,6,3,5.5057,16497862.1,06-11-2025
2025,11,7,4,5.5213,18855500,07-11-2025
2025,11,10,0,5.4323,21218800,10-11-2025
2025,11,11,1,5.4355,20180000,11-11-2025
2025,11,12,2,5.4189,20502000,12-11-2025
2025,11,13,3,5.3599,22785200,13-11-2025
2025,11,14,4,5.3501,23069900,14-11-2025
2025,11,17,0,5.4557,20774800,17-11-2025
2025,11,18,1,5.503,19075000,18-11-2025
2025,11,19,2,5.5048,19961800,19-11-2025
2025,11,20,3,5.4596,20249300,20-11-2025
2025,11,21,4,5.4223,20663400,21-11-2025
2025,11,24,0,5.5241,19136500,24-11-2025
2025,11,25,1,5.5332,18596400,25-11-2025
2025,11,26,2,5.5296,21645900,26-11-2025
2025,11,27,3,5.555,21249800,27-11-2025
2025,11,28,4,5.527,21132400,28-11-2025
2025,12,1,0,5.5141,24512500,01-12-2025
2025,12,2,1,5.5446,23372600,02-12-2025
2025,12,3,2,5.5315,24445000,03-12-2025
2025,12,4,3,5.5184,23729400,04-12-2025
2025,12,5,4,5.5109,22988500,05-12-2025
2025,12,8,0,5.5247,20837300,08-12-2025
2025,12,9,1,5.5075,19498200,09-12-2025
2025,12,10,2,5.4485,20735700,10-12-2025
2025,12,11,3,5.3811,22058100,11-12-2025
2025,12,12,4,5.3862,22960600,12-12-2025
2025,12,15,0,5.4,20968900,15-12-2025
2025,12,16,1,5.4533,18979100,16-12-2025
2025,12,17,2,5.4881,20863200,17-12-2025
2025,12,18,3,5.4432,21734400,18-12-2025
2025,12,19,4,5.4062,21354200,19-12-2025
2025,12,22,0,5.4531,20774600,22-12-2025
2025,12,23,1,5.5455,19131900,23-12-2025
2025,12,24,2,5.5192,22091900,24-12-2025
2025,12,25,3,5.4926,21651700,25-12-2025
2025,12,26,4,5.4809,21496600,26-12-2025
2025,12,29,0,5.5758,20008600,29-12-2025
2025,12,30,1,5.5754,18638900,30-12-2025
2025,12,31,2,5.496,27060300,31-12-2025
2026,1,1,3,5.51,28845400,01-01-2026
2026,1,2,4,5.522,18764100,02-01-2026
2026,1,5,0,5.5296,26055900,05-01-2026
2026,1,6,1,5.5717,25578100,06-01-2026
2026,1,7,2,5.54,27850500,07-01-2026
2026,1,8,3,5.5189,26658400,08-01-2026
2026,1,9,4,5.505,25677200,09-01-2026
2026,1,12,0,5.438,25574300,12-01-2026
2026,1,13,1,5.4725,26021400,13-01-2026
2026,1,14,2,5.4442,27389200,14-01-2026
2026,1,15,3,5.3636,26686800,15-01-2026
2026,1,16,4,5.3912,25860900,16-01-2026
2026,1,19,0,5.4315,25792500,19-01-2026
2026,1,20,1,5.488,24818700,20-01-2026
2026,1,21,2,5.4579,25541300,21-01-2026
2026,1,22,3,5.3915,23706700,22-01-2026
2026,1,23,4,5.5547,24376600,23-01-2026
2026,1,26,0,5.6099,22687500,26-01-2026
2026,1,27,1,5.7621,23429800,27-01-2026
2026,1,28,2,5.9763,24251400,28-01-2026
2026,1,29,3,5.9864,23735100,29-01-2026
2026,1,30,4,5.9912,23674000,30-01-2026
2026,2,2,0,6.3238,24881500,02-02-2026
2026,2,3,1,6.5665,25668000,03-02-2026
2026,2,4,2,6.5794,25462200,04-02-2026
2026,2,5,3,6.6035,25540200,05-02-2026
2026,2,6,4,6.6455,24999300,06-02-2026
2026,2,9,0,6.6882,22857500,09-02-2026
2026,2,10,1,6.6849,22537500,10-02-2026
2026,2,11,2,6.735,25257900,11-02-2026
2026,2,12,3,6.784,25362700,12-02-2026
2026,2,13,4,6.7939,25211900,13-02-2026
2026,2,16,0,6.7453,22396700,16-02-2026
2026,2,17,1,6.7346,22290000,17-02-2026
2026,2,18,2,6.5901,24884300,18-02-2026
2026,2,19,3,6.2134,24444200,19-02-2026
2026,2,20,4,5.9027,24585800,20-02-2026
2026,2,23,0,5.9709,20145800,23-02-2026
2026,2,24,1,6.0256,20520700,24-02-2026
2026,2,25,2,6.1396,22981500,25-02-2026
2026,2,26,3,6.0749,22678500,26-02-2026
2026,2,27,4,6.0738,23127500,27-02-2026
2026,3,2,0,6.4109,24565600,02-03-2026
2026,3,3,1,6.4526,24321900,03-03-2026
2026,3,4,2,6.4033,24787900,04-03-2026
2026,3,5,3,6.3039,25027700,05-03-2026
2026,3,6,4,6.3526,25075100,06-03-2026
2026,3,9,0,6.4705,21208800,09-03-2026
2026,3,10,1,6.4261,22233500,10-03-2026
2026,3,11,2,6.4469,24395400,11-03-2026
2026,3,12,3,6.3147,25206200,12-03-2026
2026,3,13,4,6.3592,24371100,13-03-2026
2026,3,16,0,6.4506,21426400,16-03-2026
2026,3,17,1,6.4022,21712100,17-03-2026
2026,3,18,2,6.2491,23978000,18-03-2026
2026,3,19,3,5.8564,23229100,19-03-2026
2026,3,20,4,5.7261,23946400,20-03-2026
2026,3,23,0,5.7525,19180900,23-03-2026
2026,3,24,1,5.9113,19455000,24-03-2026
2026,3,25,2,5.918,22265800,25-03-2026
2026,3,26,3,5.8861,22816700,26-03-2026
2026,3,27,4,5.8874,22247100,27-03-2026
2026,3,30,0,5.9087,19568100,30-03-2026
2026,3,31,1,5.9189,19332700,31-03-2026
2026,4,1,2,6.2027,23064900,01-04-2026
2026,4,2,3,6.3526,25822800,02-04-2026
2026,4,3,4,6.3714,25265100,03-04-2026
2026,4,6,0,6.4209,19510600,06-04-2026
2026,4,7,1,6.4158,17568300,07-04-2026
2026,4,8,2,6.4278,17019400,08-04-2026
2026,4,9,3,6.3105,14090824.2,09-04-2026
2026,4,10,4,6.3491,16179724.2,10-04-2026
2026,4,13,0,6.4603,13039562.1,13-04-2026
2026,4,14,1,6.4129,12210424.2,14-04-2026
2026,4,15,2,6.4123,13261324.2,15-04-2026
2026,4,16,3,6.2893,15574624.2,16-04-2026
2026,4,17,4,6.3309,15338000,17-04-2026
2026,4,20,0,5.9256,15145962.1,20-04-2026
2026,4,21,1,5.7891,15978062.1,21-04-2026
2026,4,22,2,5.8511,14793462.1,22-04-2026
2026,4,23,3,5.8786,17388962.1,23-04-2026
2026,4,24,4,5.8848,19149600,24-04-2026
2026,4,27,0,5.9313,17588600,27-04-2026
2026,4,28,1,5.9669,14462400,28-04-2026
2026,4,29,2,6.0045,15689762.1,29-04-2026
2026,4,30,3,5.9453,13334062.1,30-04-2026
2026,5,1,4,6.1072,18872024.2,01-05-2026
2026,5,4,0,6.3427,19753500,04-05-2026
2026,5,5,1,6.4307,18254000,05-05-2026
2026,5,6,2,6.4229,17792800,06-05-2026
2026,5,7,3,6.316,18737700,07-05-2026
2026,5,8,4,6.3465,22414900,08-05-2026
2026,5,11,0,6.4596,20740800,11-05-2026
2026,5,12,1,6.4112,19643400,12-05-2026
2026,5,13,2,6.4289,20917300,13-05-2026
2026,5,14,3,6.3085,22819200,14-05-2026
2026,5,15,4,6.3289,22832300,15-05-2026
2026,5,18,0,6.2853,20526200,18-05-2026
2026,5,19,1,5.9549,18350700,19-05-2026
2026,5,20,2,5.6807,19724300,20-05-2026
2026,5,21,3,5.4498,21114800,21-05-2026
2026,5,22,4,5.3555,20292200,22-05-2026
2026,5,25,0,5.5095,18468100,25-05-2026
2026,5,26,1,5.5579,18603100,26-05-2026
2026,5,27,2,5.5788,22980400,27-05-2026
2026,5,28,3,5.5654,20011600,28-05-2026
2026,5,29,4,5.5169,19253900,29-05-2026
2026,6,1,0,5.5141,22201500,01-06-2026
2026,6,2,1,5.5446,22851100,02-06-2026
2026,6,3,2,5.5315,24121100,03-06-2026
2026,6,4,3,5.5184,24714300,04-06-2026
2026,6,5,4,5.5109,24281800,05-06-2026
2026,6,8,0,5.5247,21568500,08-06-2026
2026,6,9,1,5.5075,19141700,09-06-2026
2026,6,10,2,5.4485,19641300,10-06-2026
2026,6,11,3,5.3811,21706400,11-06-2026
2026,6,12,4,5.3862,22775300,12-06-2026
2026,6,15,0,5.4,20477500,15-06-2026
2026,6,16,1,5.4533,18328200,16-06-2026
2026,6,17,2,5.4881,19709700,17-06-2026
2026,6,18,3,5.4432,20968700,18-06-2026
2026,6,19,4,5.4062,20485800,19-06-2026
2026,6,22,0,5.4531,18365100,22-06-2026
2026,6,23,1,5.5455,18821200,23-06-2026
2026,6,24,2,5.5192,19543000,24-06-2026
2026,6,25,3,5.4926,21956000,25-06-2026
2026,6,26,4,5.4809,20115300,26-06-2026
2026,6,29,0,5.5758,17346000,29-06-2026
2026,6,30,1,5.5754,14618862.1,30-06-2026
2026,7,1,2,5.5253,14324848.4,01-07-2026
2026,7,2,3,5.5337,13614148.4,02-07-2026
2026,7,3,4,5.5434,15556024.2,03-07-2026
2026,7,6,0,5.4931,11355024.2,06-07-2026
2026,7,7,1,5.5259,9830248.4,07-07-2026
2026,7,8,2,5.5313,10312462.1,08-07-2026
2026,7,9,3,5.4886,10524924.2,09-07-2026
2026,7,10,4,5.4034,10378462.1,10-07-2026
2026,7,13,0,5.399,10692262.1,13-07-2026
2026,7,14,1,5.4329,10125562.1,14-07-2026
2026,7,15,2,5.4024,10702262.1,15-07-2026
2026,7,16,3,5.3832,10247262.1,16-07-2026
2026,7,17,4,5.4049,10822262.1,17-07-2026
2026,7,20,0,5.4744,9649362.1,20-07-2026
2026,7,21,1,5.4921,9251100,21-07-2026
2026,7,22,2,5.464,9202100,22-07-2026
2026,7,23,3,5.5066,10658400,23-07-2026
2026,7,24,4,5.4851,10118700,24-07-2026
2026,7,27,0,5.5887,9478800,27-07-2026
2026,7,28,1,5.6121,9402900,28-07-2026
2026,7,29,2,5.5839,9307300,29-07-2026
2026,7,30,3,5.5394,10253700,30-07-2026
2026,7,31,4,5.4594,24349100,31-07-2026
2026,8,3,0,5.5308,24148900,03-08-2026
2026,8,4,1,5.5054,21044100,04-08-2026
2026,8,5,2,5.5233,20774600,05-08-2026
2026,8,6,3,5.5057,22812800,06-08-2026
2026,8,7,4,5.5213,22517800,07-08-2026
2026,8,10,0,5.4323,20520000,10-08-2026
2026,8,11,1,5.4355,18184900,11-08-2026
2026,8,12,2,5.4189,17496100,12-08-2026
2026,8,13,3,5.3599,18577600,13-08-2026
2026,8,14,4,5.3501,20660900,14-08-2026
2026,8,17,0,5.4557,19349300,17-08-2026
2026,8,18,1,5.503,17539900,18-08-2026
2026,8,19,2,5.5048,16967900,19-08-2026
2026,8,20,3,5.4596,14334662.1,20-08-2026
2026,8,21,4,5.4223,14176900,21-08-2026
2026,8,24,0,5.5241,12399262.1,24-08-2026
2026,8,25,1,5.5332,12260562.1,25-08-2026
2026,8,26,2,5.5296,11807462.1,26-08-2026
2026,8,27,3,5.555,10438662.1,27-08-2026
2026,8,28,4,5.527,10775800,28-08-2026
2026,8,31,0,5.5096,15618100,31-08-2026
2026,9,1,1,5.5446,13375824.2,01-09-2026
2026,9,2,2,5.5253,13120248.4,02-09-2026
2026,9,3,3,5.5417,12946048.4,03-09-2026
2026,9,4,4,5.5252,15593024.2,04-09-2026
2026,9,7,0,5.4892,12042924.2,07-09-2026
2026,9,8,1,5.5448,10182748.4,08-09-2026
2026,9,9,2,5.5051,10240924.2,09-09-2026
2026,9,10,3,5.4105,10716924.2,10-09-2026
2026,9,11,4,5.373,10739962.1,11-09-2026
2026,9,14,0,5.4016,10648762.1,14-09-2026
2026,9,15,1,5.4372,10838762.1,15-09-2026
2026,9,16,2,5.4176,10792262.1,16-09-2026
2026,9,17,3,5.4085,10994462.1,17-09-2026
2026,9,18,4,5.4025,10066162.1,18-09-2026
2026,9,21,0,5.4648,10410500,21-09-2026
2026,9,22,1,5.4716,10379400,22-09-2026
2026,9,23,2,5.5272,11108000,23-09-2026
2026,9,24,3,5.5071,9460400,24-09-2026
2026,9,25,4,5.468,9762600,25-09-2026
2026,9,28,0,5.5904,9863300,28-09-2026
2026,9,29,1,5.5907,10416000,29-09-2026
2026,9,30,2,5.5841,11118500,30-09-2026
2026,10,1,3,5.5779,10644786.3,01-10-2026
2026,10,2,4,5.5312,10683362.1,02-10-2026
2026,10,5,0,5.486,10407224.2,05-10-2026
2026,10,6,1,5.5268,10833724.2,06-10-2026
2026,10,7,2,5.5047,10704724.2,07-10-2026
2026,10,8,3,5.5236,10522524.2,08-10-2026
2026,10,9,4,5.4904,11110162.1,09-10-2026
2026,10,12,0,5.4235,10524662.1,12-10-2026
2026,10,13,1,5.4197,11169262.1,13-10-2026
2026,10,14,2,5.3999,10887562.1,14-10-2026
2026,10,15,3,5.3712,10232862.1,15-10-2026
2026,10,16,4,5.3803,10706762.1,16-10-2026
2026,10,19,0,5.473,10486262.1,19-10-2026
2026,10,20,1,5.511,10922662.1,20-10-2026
2026,10,21,2,5.4827,10683100,21-10-2026
2026,10,22,3,5.4375,10225600,22-10-2026
2026,10,23,4,5.4671,11646700,23-10-2026
2026,10,26,0,5.5485,10424662.1,26-10-2026
2026,10,27,1,5.5923,10787500,27-10-2026
2026,10,28,2,5.6069,11130800,28-10-2026
2026,10,29,3,5.5384,9953200,29-10-2026
2026,10,30,4,5.5139,10760600,30-10-2026
2026,11,2,0,5.533,11846962.1,02-11-2026
2026,11,3,1,5.5268,12877924.2,03-11-2026
2026,11,4,2,5.5116,14741224.2,04-11-2026
2026,11,5,3,5.5176,16662462.1,05-11-2026
2026,11,6,4,5.512,20024400,06-11-2026
2026,11,9,0,5.5061,19038600,09-11-2026
2026,11,10,1,5.4522,18763500,10-11-2026
2026,11,11,2,5.4439,21206000,11-11-2026
2026,11,12,3,5.3708,23388500,12-11-2026
2026,11,13,4,5.3798,22750400,13-11-2026
2026,11,16,0,5.4217,21001500,16-11-2026
2026,11,17,1,5.4783,19016700,17-11-2026
2026,11,18,2,5.489,19939800,18-11-2026
2026,11,19,3,5.4576,20098500,19-11-2026
2026,11,20,4,5.4311,20808000,20-11-2026
2026,11,23,0,5.5151,19100400,23-11-2026
2026,11,24,1,5.5403,18423000,24-11-2026
2026,11,25,2,5.5056,21122300,25-11-2026
2026,11,26,3,5.5131,21436100,26-11-2026
2026,11,27,4,5.5252,21140700,27-11-2026
2026,11,30,0,5.5748,18370600,30-11-2026
2026,12,1,1,5.5185,20471100,01-12-2026
2026,12,2,2,5.5283,25766200,02-12-2026
2026,12,3,3,5.5417,26107300,03-12-2026
2026,12,4,4,5.5252,23736600,04-12-2026
2026,12,7,0,5.4892,20536600,07-12-2026
2026,12,8,1,5.5448,19568700,08-12-2026
2026,12,9,2,5.5051,21439800,09-12-2026
2026,12,10,3,5.4105,22896700,10-12-2026
2026,12,11,4,5.373,22309200,11-12-2026
2026,12,14,0,5.4016,21565100,14-12-2026
2026,12,15,1,5.4372,19981200,15-12-2026
2026,12,16,2,5.4176,19766600,16-12-2026
2026,12,17,3,5.4085,21251900,17-12-2026
2026,12,18,4,5.4025,21640500,18-12-2026
2026,12,21,0,5.4648,21954700,21-12-2026
2026,12,22,1,5.4716,19119600,22-12-2026
2026,12,23,2,5.5272,22205700,23-12-2026
2026,12,24,3,5.5071,21399600,24-12-2026
2026,12,25,4,5.468,21376600,25-12-2026
2026,12,28,0,5.5904,20354000,28-12-2026
2026,12,29,1,5.5907,18899200,29-12-2026
2026,12,30,2,5.5841,21984900,30-12-2026
2026,12,31,3,5.5007,20739800,31-12-2026
2027,1,1,4,5.522,31471300,01-01-2027
2027,1,4,0,5.5327,17990000,04-01-2027
2027,1,5,1,5.5728,20816700,05-01-2027
2027,1,6,2,5.5378,27403200,06-01-2027
2027,1,7,3,5.5014,27294200,07-01-2027
2027,1,8,4,5.5131,27547500,08-01-2027
2027,1,11,0,5.4445,26795900,11-01-2027
2027,1,12,1,5.4731,24393500,12-01-2027
2027,1,13,2,5.4509,27813200,13-01-2027
2027,1,14,3,5.3784,26547400,14-01-2027
2027,1,15,4,5.4,26495400,15-01-2027
2027,1,18,0,5.4404,24936300,18-01-2027
2027,1,19,1,5.4897,24353700,19-01-2027
2027,1,20,2,5.4707,26564700,20-01-2027
2027,1,21,3,5.3893,25335300,21-01-2027
2027,1,22,4,5.3996,24049800,22-01-2027
2027,1,25,0,5.5813,23027400,25-01-2027
2027,1,26,1,5.6748,22338400,26-01-2027
2027,1,27,2,5.705,25623500,27-01-2027
2027,1,28,3,5.6705,23795000,28-01-2027
2027,1,29,4,5.6583,23849200,29-01-2027
2027,2,1,0,5.4798,24891800,01-02-2027
2027,2,2,1,5.5625,26081200,02-02-2027
2027,2,3,2,5.5387,27424900,03-02-2027
2027,2,4,3,5.4892,26045600,04-02-2027
2027,2,5,4,5.4807,25766500,05-02-2027
2027,2,8,0,5.5055,23003600,08-02-2027
2027,2,9,1,5.5488,22165800,09-02-2027
2027,2,10,2,5.4553,25364000,10-02-2027
2027,2,11,3,5.3658,25091600,11-02-2027
2027,2,12,4,5.3738,25898900,12-02-2027
2027,2,15,0,5.3952,23053300,15-02-2027
2027,2,16,1,5.4657,22040000,16-02-2027
2027,2,17,2,5.4534,24824900,17-02-2027
2027,2,18,3,5.3797,25143300,18-02-2027
2027,2,19,4,5.381,24559200,19-02-2027
2027,2,22,0,5.4009,20301600,22-02-2027
2027,2,23,1,5.6061,20508500,23-02-2027
2027,2,24,2,5.6261,22746500,24-02-2027
2027,2,25,3,5.4019,23261400,25-02-2027
2027,2,26,4,5.5409,22689400,26-02-2027
2027,3,1,0,5.4851,24765200,01-03-2027
2027,3,2,1,5.5109,24688700,02-03-2027
2027,3,3,2,5.4864,26773700,03-03-2027
2027,3,4,3,5.4173,25503600,04-03-2027
2027,3,5,4,5.4236,24357900,05-03-2027
2027,3,8,0,5.4467,22113200,08-03-2027
2027,3,9,1,5.4921,21775500,09-03-2027
2027,3,10,2,5.3744,24465100,10-03-2027
2027,3,11,3,5.3243,25052600,11-03-2027
2027,3,12,4,5.3024,24743700,12-03-2027
2027,3,15,0,5.3318,22148600,15-03-2027
2027,3,16,1,5.4001,21606100,16-03-2027
2027,3,17,2,5.4024,23856500,17-03-2027
2027,3,18,3,5.3293,24333900,18-03-2027
2027,3,19,4,5.3228,23276700,19-03-2027
2027,3,22,0,5.3511,19618700,22-03-2027
2027,3,23,1,5.5556,20535700,23-03-2027
2027,3,24,2,5.552,21665700,24-03-2027
2027,3,25,3,5.495,22819300,25-03-2027
2027,3,26,4,5.5122,22125200,26-03-2027
2027,3,29,0,5.6327,20185500,29-03-2027
2027,3,30,1,5.547,18334800,30-03-2027
2027,3,31,2,5.515,21002300,31-03-2027
2027,4,1,3,5.484,26328300,01-04-2027
2027,4,2,4,5.4854,24839000,02-04-2027
2027,4,5,0,5.4647,19743800,05-04-2027
2027,4,6,1,5.498,18130500,06-04-2027
2027,4,7,2,5.4855,17812600,07-04-2027
2027,4,8,3,5.4556,18214900,08-04-2027
2027,4,9,4,5.4385,19934300,09-04-2027
2027,4,12,0,5.315,18374700,12-04-2027
2027,4,13,1,5.4063,16569700,13-04-2027
2027,4,14,2,5.3495,12321362.1,14-04-2027
2027,4,15,3,5.3063,13992724.2,15-04-2027
2027,4,16,4,5.3175,17145962.1,16-04-2027
2027,4,19,0,5.395,13590662.1,19-04-2027
2027,4,20,1,5.4572,14774224.2,20-04-2027
2027,4,21,2,5.4094,16538062.1,21-04-2027
2027,4,22,3,5.3359,13866062.1,22-04-2027
2027,4,23,4,5.4787,17183900,23-04-2027
2027,4,26,0,5.5505,12615362.1,26-04-2027
2027,4,27,1,5.633,14898162.1,27-04-2027
2027,4,28,2,5.5263,16323962.1,28-04-2027
2027,4,29,3,5.5549,14255062.1,29-04-2027
2027,4,30,4,5.5437,16072600,30-04-2027
2027,5,3,0,5.5839,12690224.2,03-05-2027
2027,5,4,1,5.6558,12414848.4,04-05-2027
2027,5,5,2,5.5096,12348148.4,05-05-2027
2027,5,6,3,5.55,12152748.4,06-05-2027
2027,5,7,4,5.5661,12828224.2,07-05-2027
2027,5,10,0,5.383,11709148.4,10-05-2027
2027,5,11,1,5.4525,10380048.4,11-05-2027
2027,5,12,2,5.376,11326662.1,12-05-2027
2027,5,13,3,5.3727,11221324.2,13-05-2027
2027,5,14,4,5.3519,11578962.1,14-05-2027
2027,5,17,0,5.3935,10273524.2,17-05-2027
2027,5,18,1,5.4504,10655162.1,18-05-2027
2027,5,19,2,5.4362,11525362.1,19-05-2027
2027,5,20,3,5.3816,10836024.2,20-05-2027
2027,5,21,4,5.387,11591100,21-05-2027
2027,5,24,0,5.5089,11208062.1,24-05-2027
2027,5,25,1,5.5361,10196100,25-05-2027
2027,5,26,2,5.5244,10417400,26-05-2027
2027,5,27,3,5.5594,10769700,27-05-2027
2027,5,28,4,5.5296,11046700,28-05-2027
2027,5,31,0,5.5097,16500100,31-05-2027
2027,6,1,1,5.5446,13107924.2,01-06-2027
2027,6,2,2,5.5253,12209448.4,02-06-2027
2027,6,3,3,5.5417,13746748.4,03-06-2027
2027,6,4,4,5.5252,16905424.2,04-06-2027
2027,6,7,0,5.4892,12505624.2,07-06-2027
2027,6,8,1,5.5448,11722948.4,08-06-2027
2027,6,9,2,5.5051,11000048.4,09-06-2027
2027,6,10,3,5.4105,10417324.2,10-06-2027
2027,6,11,4,5.373,11300862.1,11-06-2027
2027,6,14,0,5.4016,10858424.2,14-06-2027
2027,6,15,1,5.4372,10772762.1,15-06-2027
2027,6,16,2,5.4176,11905462.1,16-06-2027
2027,6,17,3,5.4085,12013624.2,17-06-2027
2027,6,18,4,5.4025,13506762.1,18-06-2027
2027,6,21,0,5.4648,12880262.1,21-06-2027
2027,6,22,1,5.4716,13116162.1,22-06-2027
2027,6,23,2,5.5272,13367962.1,23-06-2027
2027,6,24,3,5.5071,14001662.1,24-06-2027
2027,6,25,4,5.468,15159500,25-06-2027
2027,6,28,0,5.5904,14825462.1,28-06-2027
2027,6,29,1,5.5907,14904262.1,29-06-2027
2027,6,30,2,5.5841,13961962.1,30-06-2027
2027,7,1,3,5.5779,15377848.4,01-07-2027
2027,7,2,4,5.5312,15387862.1,02-07-2027
2027,7,5,0,5.486,11385224.2,05-07-2027
2027,7,6,1,5.5268,9663748.4,06-07-2027
2027,7,7,2,5.5047,9884900,07-07-2027
2027,7,8,3,5.5236,10006662.1,08-07-2027
2027,7,9,4,5.4904,10085462.1,09-07-2027
2027,7,12,0,5.4235,10436062.1,12-07-2027
2027,7,13,1,5.4197,10635762.1,13-07-2027
2027,7,14,2,5.3999,10786062.1,14-07-2027
2027,7,15,3,5.3712,10811362.1,15-07-2027
2027,7,16,4,5.3803,10183662.1,16-07-2027
2027,7,19,0,5.473,10317562.1,19-07-2027
2027,7,20,1,5.511,10501462.1,20-07-2027
2027,7,21,2,5.4827,10971100,21-07-2027
2027,7,22,3,5.4375,9256800,22-07-2027
2027,7,23,4,5.4671,10978200,23-07-2027
2027,7,26,0,5.5485,8691800,26-07-2027
2027,7,27,1,5.5923,11248257.1,27-07-2027
2027,7,28,2,5.6069,10646800,28-07-2027
2027,7,29,3,5.5384,10242100,29-07-2027
2027,7,30,4,5.5139,10499900,30-07-2027
2027,8,2,0,5.533,10140724.2,02-08-2027
2027,8,3,1,5.5268,9738224.2,03-08-2027
2027,8,4,2,5.5116,10378162.1,04-08-2027
2027,8,5,3,5.5176,10443124.2,05-08-2027
2027,8,6,4,5.512,10208262.1,06-08-2027
2027,8,9,0,5.5061,10124824.2,09-08-2027
2027,8,10,1,5.4522,10014624.2,10-08-2027
2027,8,11,2,5.4439,10374524.2,11-08-2027
2027,8,12,3,5.3708,10893362.1,12-08-2027
2027,8,13,4,5.3798,10123062.1,13-08-2027
2027,8,16,0,5.4217,10533562.1,16-08-2027
2027,8,17,1,5.4783,10586562.1,17-08-2027
2027,8,18,2,5.489,11088762.1,18-08-2027
2027,8,19,3,5.4576,10729762.1,19-08-2027
2027,8,20,4,5.4311,10537062.1,20-08-2027
2027,8,23,0,5.5151,10146000,23-08-2027
2027,8,24,1,5.5403,9718100,24-08-2027
2027,8,25,2,5.5056,10081600,25-08-2027
2027,8,26,3,5.5131,10032500,26-08-2027
2027,8,27,4,5.5252,10089500,27-08-2027
2027,8,30,0,5.5748,9439000,30-08-2027
2027,8,31,1,5.5072,16454300,31-08-2027
2027,9,1,2,5.5491,14154724.2,01-09-2027
2027,9,2,3,5.5342,13959448.4,02-09-2027
2027,9,3,4,5.5434,16750624.2,03-09-2027
2027,9,6,0,5.4931,11996424.2,06-09-2027
2027,9,7,1,5.5259,9326848.4,07-09-2027
2027,9,8,2,5.5313,9796500,08-09-2027
2027,9,9,3,5.4886,10467262.1,09-09-2027
2027,9,10,4,5.4034,10804062.1,10-09-2027
2027,9,13,0,5.399,10897762.1,13-09-2027
2027,9,14,1,5.4329,9980062.1,14-09-2027
2027,9,15,2,5.4024,10730962.1,15-09-2027
2027,9,16,3,5.3832,10663262.1,16-09-2027
2027,9,17,4,5.4049,10884362.1,17-09-2027
2027,9,20,0,5.4744,9624462.1,20-09-2027
2027,9,21,1,5.4921,9308000,21-09-2027
2027,9,22,2,5.464,9194500,22-09-2027
2027,9,23,3,5.5066,9589957.1,23-09-2027
2027,9,24,4,5.4851,9707200,24-09-2027
2027,9,27,0,5.5887,9715500,27-09-2027
2027,9,28,1,5.6121,10534100,28-09-2027
2027,9,29,2,5.5839,11068500,29-09-2027
2027,9,30,3,5.5394,9551300,30-09-2027
2027,10,1,4,5.5337,10382500,01-10-2027
2027,10,4,0,5.4996,11128024.2,04-10-2027
2027,10,5,1,5.5185,10110886.3,05-10-2027
2027,10,6,2,5.5047,10451524.2,06-10-2027
2027,10,7,3,5.5158,10932124.2,07-10-2027
2027,10,8,4,5.5169,10121962.1,08-10-2027
2027,10,11,0,5.4292,10616024.2,11-10-2027
2027,10,12,1,5.4258,11156362.1,12-10-2027
2027,10,13,2,5.4115,10881862.1,13-10-2027
2027,10,14,3,5.3517,10364662.1,14-10-2027
2027,10,15,4,5.348,10819262.1,15-10-2027
2027,10,18,0,5.4566,9988562.1,18-10-2027
2027,10,19,1,5.5182,10392462.1,19-10-2027
2027,10,20,2,5.4914,11233862.1,20-10-2027
2027,10,21,3,5.4469,11326000,21-10-2027
2027,10,22,4,5.3973,12526700,22-10-2027
2027,10,25,0,5.5386,12454962.1,25-10-2027
2027,10,26,1,5.5513,12700962.1,26-10-2027
2027,10,27,2,5.5675,12297562.1,27-10-2027
2027,10,28,3,5.5606,11714162.1,28-10-2027
2027,10,29,4,5.5129,11827900,29-10-2027
2027,11,1,0,5.533,14448324.2,01-11-2027
2027,11,2,1,5.5215,16435924.2,02-11-2027
2027,11,3,2,5.5345,15679462.1,03-11-2027
2027,11,4,3,5.5184,17617462.1,04-11-2027
2027,11,5,4,5.5109,20110000,05-11-2027
2027,11,8,0,5.5247,19696800,08-11-2027
2027,11,9,1,5.5075,18468700,09-11-2027
2027,11,10,2,5.4485,18869000,10-11-2027
2027,11,11,3,5.3811,21664900,11-11-2027
2027,11,12,4,5.3862,22739900,12-11-2027
2027,11,15,0,5.4,21256300,15-11-2027
2027,11,16,1,5.4533,19615500,16-11-2027
2027,11,17,2,5.4881,20686000,17-11-2027
2027,11,18,3,5.4432,21933300,18-11-2027
2027,11,19,4,5.4062,21286400,19-11-2027
2027,11,22,0,5.4531,19684900,22-11-2027
2027,11,23,1,5.5455,18830900,23-11-2027
2027,11,24,2,5.5192,20109300,24-11-2027
2027,11,25,3,5.4926,20822100,25-11-2027
2027,11,26,4,5.4809,21097100,26-11-2027
2027,11,29,0,5.5758,19246800,29-11-2027
2027,11,30,1,5.5754,18009400,30-11-2027
2027,12,1,2,5.5253,22117400,01-12-2027
2027,12,2,3,5.5337,27262400,02-12-2027
2027,12,3,4,5.5434,25615700,03-12-2027
2027,12,6,0,5.4931,20916400,06-12-2027
2027,12,7,1,5.5259,20079800,07-12-2027
2027,12,8,2,5.5313,20661700,08-12-2027
2027,12,9,3,5.4886,22344000,09-12-2027
2027,12,10,4,5.4034,22635300,10-12-2027
2027,12,13,0,5.399,21862400,13-12-2027
2027,12,14,1,5.4329,20488200,14-12-2027
2027,12,15,2,5.4024,21266900,15-12-2027
2027,12,16,3,5.3832,22084200,16-12-2027
2027,12,17,4,5.4049,21753600,17-12-2027
2027,12,20,0,5.4744,22620800,20-12-2027
2027,12,21,1,5.4921,20457800,21-12-2027
2027,12,22,2,5.464,21145900,22-12-2027
2027,12,23,3,5.5066,21693600,23-12-2027
2027,12,24,4,5.4851,21179700,24-12-2027
2027,12,27,0,5.5887,20742100,27-12-2027
2027,12,28,1,5.6121,19112800,28-12-2027
2027,12,29,2,5.5839,21616600,29-12-2027
2027,12,30,3,5.5394,20967700,30-12-2027
2027,12,31,4,5.4594,20479200,31-12-2027
2028,1,3,0,5.5373,27053800,03-01-2028
2028,1,4,1,5.5742,25272300,04-01-2028
2028,1,5,2,5.5389,27659800,05-01-2028
2028,1,6,3,5.5047,27479800,06-01-2028
2028,1,7,4,5.4992,26909100,07-01-2028
2028,1,10,0,5.4445,24932600,10-01-2028
2028,1,11,1,5.4836,25671000,11-01-2028
2028,1,12,2,5.4489,27262000,12-01-2028
2028,1,13,3,5.3704,27214300,13-01-2028
2028,1,14,4,5.3995,26924900,14-01-2028
2028,1,17,0,5.4434,24737500,17-01-2028
2028,1,18,1,5.4951,24551300,18-01-2028
2028,1,19,2,5.4707,26257700,19-01-2028
2028,1,20,3,5.3999,26367400,20-01-2028
2028,1,21,4,5.3927,25132200,21-01-2028
2028,1,24,0,5.5864,22440300,24-01-2028
2028,1,25,1,5.6601,23531300,25-01-2028
2028,1,26,2,5.6416,23973900,26-01-2028
2028,1,27,3,5.5372,24486200,27-01-2028
2028,1,28,4,5.6481,24615400,28-01-2028
2028,1,31,0,5.5285,21819900,31-01-2028
2028,2,1,1,5.5713,25482200,01-02-2028
2028,2,2,2,5.5382,27900700,02-02-2028
2028,2,3,3,5.506,29200300,03-02-2028
2028,2,4,4,5.487,15809200,04-02-2028
2028,2,7,0,5.4898,12348324.2,07-02-2028
2028,2,8,1,5.5616,12015248.4,08-02-2028
2028,2,9,2,5.5204,11387448.4,09-02-2028
2028,2,10,3,5.384,11704148.4,10-02-2028
2028,2,11,4,5.3843,12640924.2,11-02-2028
2028,2,14,0,5.3919,12892524.2,14-02-2028
2028,2,15,1,5.452,13221724.2,15-02-2028
2028,2,16,2,5.4362,15426324.2,16-02-2028
2028,2,17,3,5.3695,14373362.1,17-02-2028
2028,2,18,4,5.392,16513562.1,18-02-2028
2028,2,21,0,5.3943,13400462.1,21-02-2028
2028,2,22,1,5.4666,15981162.1,22-02-2028
2028,2,23,2,5.5699,14343962.1,23-02-2028
2028,2,24,3,5.5474,15742962.1,24-02-2028
2028,2,25,4,5.5345,14171300,25-02-2028
2028,2,28,0,5.6785,14301162.1,28-02-2028
2028,2,29,1,5.7101,15052262.1,29-02-2028
2028,3,1,2,5.6473,15734824.2,01-03-2028
2028,3,2,3,5.3187,14589124.2,02-03-2028
2028,3,3,4,5.4293,16833124.2,03-03-2028
2028,3,6,0,5.4267,12620124.2,06-03-2028
2028,3,7,1,5.4832,11831848.4,07-03-2028
2028,3,8,2,5.4876,9948748.4,08-03-2028
2028,3,9,3,5.4006,9574724.2,09-03-2028
2028,3,10,4,5.3284,9671800,10-03-2028
2028,3,13,0,5.3316,9572462.1,13-03-2028
2028,3,14,1,5.3828,9231700,14-03-2028
2028,3,15,2,5.3783,9977500,15-03-2028
2028,3,16,3,5.3276,9688662.1,16-03-2028
2028,3,17,4,5.3215,9963262.1,17-03-2028
2028,3,20,0,5.3648,9371162.1,20-03-2028
2028,3,21,1,5.4143,10151300,21-03-2028
2028,3,22,2,5.3717,9341400,22-03-2028
2028,3,23,3,5.4957,9043200,23-03-2028
2028,3,24,4,5.5034,11429057.1,24-03-2028
2028,3,27,0,5.6555,11001062.1,27-03-2028
2028,3,28,1,5.5697,9237200,28-03-2028
2028,3,29,2,5.633,9901200,29-03-2028
2028,3,30,3,5.4535,9867900,30-03-2028
2028,3,31,4,5.492,31710400,31-03-2028
2028,4,3,0,5.5038,17963800,03-04-2028
2028,4,4,1,5.5064,15278800,04-04-2028
2028,4,5,2,5.4801,13878124.2,05-04-2028
2028,4,6,3,5.4395,14055248.4,06-04-2028
2028,4,7,4,5.4369,15592124.2,07-04-2028
2028,4,10,0,5.3371,13040124.2,10-04-2028
2028,4,11,1,5.4213,11889048.4,11-04-2028
2028,4,12,2,5.3509,12238724.2,12-04-2028
2028,4,13,3,5.3125,13470324.2,13-04-2028
2028,4,14,4,5.3054,16080762.1,14-04-2028
2028,4,17,0,5.3911,14371262.1,17-04-2028
2028,4,18,1,5.4469,15307824.2,18-04-2028
2028,4,19,2,5.4134,16181462.1,19-04-2028
2028,4,20,3,5.3413,14001162.1,20-04-2028
2028,4,21,4,5.3377,16656500,21-04-2028
2028,4,24,0,5.5201,13324162.1,24-04-2028
2028,4,25,1,5.5475,14952762.1,25-04-2028
2028,4,26,2,5.5489,15585362.1,26-04-2028
2028,4,27,3,5.571,14274662.1,27-04-2028
2028,4,28,4,5.5658,16746600,28-04-2028
2028,5,1,0,5.5793,13830324.2,01-05-2028
2028,5,2,1,5.6199,12332848.4,02-05-2028
2028,5,3,2,5.6771,13399348.4,03-05-2028
2028,5,4,3,5.5717,14378748.4,04-05-2028
2028,5,5,4,5.5637,14632424.2,05-05-2028
2028,5,8,0,5.5687,11800348.4,08-05-2028
2028,5,9,1,5.5849,10487248.4,09-05-2028
2028,5,10,2,5.4759,11125424.2,10-05-2028
2028,5,11,3,5.3587,10416086.3,11-05-2028
2028,5,12,4,5.3375,10964062.1,12-05-2028
2028,5,15,0,5.3515,9939062.1,15-05-2028
2028,5,16,1,5.408,9662262.1,16-05-2028
2028,5,17,2,5.4274,10088000,17-05-2028
2028,5,18,3,5.3664,10507562.1,18-05-2028
2028,5,19,4,5.3894,11222362.1,19-05-2028
2028,5,22,0,5.3786,10413600,22-05-2028
2028,5,23,1,5.5592,10869400,23-05-2028
2028,5,24,2,5.5188,9998100,24-05-2028
2028,5,25,3,5.4822,9946000,25-05-2028
2028,5,26,4,5.4661,10081200,26-05-2028
2028,5,29,0,5.5737,9419800,29-05-2028
2028,5,30,1,5.5946,9190700,30-05-2028
2028,5,31,2,5.5465,18072400,31-05-2028
2028,6,1,3,5.5342,21455500,01-06-2028
2028,6,2,4,5.5337,26919500,02-06-2028
2028,6,5,0,5.486,23068400,05-06-2028
2028,6,6,1,5.5268,18913100,06-06-2028
2028,6,7,2,5.5047,20522300,07-06-2028
2028,6,8,3,5.5236,22791400,08-06-2028
2028,6,9,4,5.4904,22521100,09-06-2028
2028,6,12,0,5.4235,20912800,12-06-2028
2028,6,13,1,5.4197,19031000,13-06-2028
2028,6,14,2,5.3999,19782200,14-06-2028
2028,6,15,3,5.3712,20346500,15-06-2028
2028,6,16,4,5.3803,21094900,16-06-2028
2028,6,19,0,5.473,20037100,19-06-2028
2028,6,20,1,5.511,17421600,20-06-2028
2028,6,21,2,5.4827,18233100,21-06-2028
2028,6,22,3,5.4375,20554900,22-06-2028
2028,6,23,4,5.4671,19895500,23-06-2028
2028,6,26,0,5.5485,18176900,26-06-2028
2028,6,27,1,5.5923,16982100,27-06-2028
2028,6,28,2,5.6069,13311562.1,28-06-2028
2028,6,29,3,5.5384,13872162.1,29-06-2028
2028,6,30,4,5.5139,15146200,30-06-2028
2028,7,3,0,5.5375,12646524.2,03-07-2028
2028,7,4,1,5.5024,11783548.4,04-07-2028
2028,7,5,2,5.5233,9579348.4,05-07-2028
2028,7,6,3,5.5057,9565300,06-07-2028
2028,7,7,4,5.5213,9672900,07-07-2028
2028,7,10,0,5.4323,10179262.1,10-07-2028
2028,7,11,1,5.4355,10117824.2,11-07-2028
2028,7,12,2,5.4189,10584262.1,12-07-2028
2028,7,13,3,5.3599,10697962.1,13-07-2028
2028,7,14,4,5.3501,10297062.1,14-07-2028
2028,7,17,0,5.4557,10838062.1,17-07-2028
2028,7,18,1,5.503,9897962.1,18-07-2028
2028,7,19,2,5.5048,10658862.1,19-07-2028
2028,7,20,3,5.4596,10564462.1,20-07-2028
2028,7,21,4,5.4223,11231100,21-07-2028
2028,7,24,0,5.5241,10140600,24-07-2028
2028,7,25,1,5.5332,10076400,25-07-2028
2028,7,26,2,5.5296,10321700,26-07-2028
2028,7,27,3,5.555,10709000,27-07-2028
2028,7,28,4,5.527,10232100,28-07-2028
2028,7,31,0,5.5096,16195100,31-07-2028
2028,8,1,1,5.5446,13017224.2,01-08-2028
2028,8,2,2,5.5253,12070148.4,02-08-2028
2028,8,3,3,5.5417,13098448.4,03-08-2028
2028,8,4,4,5.5252,15384724.2,04-08-2028
2028,8,7,0,5.4892,12003824.2,07-08-2028
2028,8,8,1,5.5448,9222548.4,08-08-2028
2028,8,9,2,5.5051,9997400,09-08-2028
2028,8,10,3,5.4105,10097224.2,10-08-2028
2028,8,11,4,5.373,10605162.1,11-08-2028
2028,8,14,0,5.4016,10398162.1,14-08-2028
2028,8,15,1,5.4372,10609262.1,15-08-2028
2028,8,16,2,5.4176,10741762.1,16-08-2028
2028,8,17,3,5.4085,10710162.1,17-08-2028
2028,8,18,4,5.4025,10571662.1,18-08-2028
2028,8,21,0,5.4648,10314600,21-08-2028
2028,8,22,1,5.4716,9868100,22-08-2028
2028,8,23,2,5.5272,10137600,23-08-2028
2028,8,24,3,5.5071,9921100,24-08-2028
2028,8,25,4,5.468,10169800,25-08-2028
2028,8,28,0,5.5904,9497400,28-08-2028
2028,8,29,1,5.5907,9035100,29-08-2028
2028,8,30,2,5.5841,11255757.1,30-08-2028
2028,8,31,3,5.5007,14069500,31-08-2028
2028,9,1,4,5.5444,19747824.2,01-09-2028
2028,9,4,0,5.5035,20190000,04-09-2028
2028,9,5,1,5.5185,18885900,05-09-2028
2028,9,6,2,5.5047,20497200,06-09-2028
2028,9,7,3,5.5158,23275400,07-09-2028
2028,9,8,4,5.5169,22368100,08-09-2028
2028,9,11,0,5.4292,20505900,11-09-2028
2028,9,12,1,5.4258,18813700,12-09-2028
2028,9,13,2,5.4115,20030400,13-09-2028
2028,9,14,3,5.3517,20498500,14-09-2028
2028,9,15,4,5.348,21328300,15-09-2028
2028,9,18,0,5.4566,20454800,18-09-2028
2028,9,19,1,5.5182,17896300,19-09-2028
2028,9,20,2,5.4914,16620500,20-09-2028
2028,9,21,3,5.4469,12184262.1,21-09-2028
2028,9,22,4,5.3973,14348500,22-09-2028
2028,9,25,0,5.5386,13039162.1,25-09-2028
2028,9,26,1,5.5513,11659662.1,26-09-2028
2028,9,27,2,5.5675,10726762.1,27-09-2028
2028,9,28,3,5.5606,10558500,28-09-2028
2028,9,29,4,5.5129,10629300,29-09-2028
2028,10,2,0,5.533,10291624.2,02-10-2028
2028,10,3,1,5.5268,10969224.2,03-10-2028
2028,10,4,2,5.5116,10521024.2,04-10-2028
2028,10,5,3,5.5176,10724824.2,05-10-2028
2028,10,6,4,5.512,10456562.1,06-10-2028
2028,10,9,0,5.5061,10761624.2,09-10-2028
2028,10,10,1,5.4522,10898024.2,10-10-2028
2028,10,11,2,5.4439,10651524.2,11-10-2028
2028,10,12,3,5.3708,11463462.1,12-10-2028
2028,10,13,4,5.3798,12475062.1,13-10-2028
2028,10,16,0,5.4217,11344024.2,16-10-2028
2028,10,17,1,5.4783,10270524.2,17-10-2028
2028,10,18,2,5.489,11356562.1,18-10-2028
2028,10,19,3,5.4576,11358724.2,19-10-2028
2028,10,20,4,5.4311,12382662.1,20-10-2028
2028,10,23,0,5.5151,12475262.1,23-10-2028
2028,10,24,1,5.5403,12747362.1,24-10-2028
2028,10,25,2,5.5056,12675462.1,25-10-2028
2028,10,26,3,5.5131,12320762.1,26-10-2028
2028,10,27,4,5.5252,13517600,27-10-2028
2028,10,30,0,5.5748,11947962.1,30-10-2028
2028,10,31,1,5.5072,13211662.1,31-10-2028
2028,11,1,2,5.5491,17247824.2,01-11-2028
2028,11,2,3,5.5342,18456562.1,02-11-2028
2028,11,3,4,5.5434,22623600,03-11-2028
2028,11,6,0,5.4931,21052300,06-11-2028
2028,11,7,1,5.5259,19732900,07-11-2028
2028,11,8,2,5.5313,19857800,08-11-2028
2028,11,9,3,5.4886,20585500,09-11-2028
2028,11,10,4,5.4034,22269000,10-11-2028
2028,11,13,0,5.399,21661700,13-11-2028
2028,11,14,1,5.4329,20190200,14-11-2028
2028,11,15,2,5.4024,20204400,15-11-2028
2028,11,16,3,5.3832,21029900,16-11-2028
2028,11,17,4,5.4049,21704000,17-11-2028
2028,11,20,0,5.4744,21441200,20-11-2028
2028,11,21,1,5.4921,19138700,21-11-2028
2028,11,22,2,5.464,19976100,22-11-2028
2028,11,23,3,5.5066,20148800,23-11-2028
2028,11,24,4,5.4851,20495800,24-11-2028
2028,11,27,0,5.5887,19630400,27-11-2028
2028,11,28,1,5.6121,19448800,28-11-2028
2028,11,29,2,5.5839,20123100,29-11-2028
2028,11,30,3,5.5394,20366000,30-11-2028
2028,12,1,4,5.5337,27046700,01-12-2028
2028,12,4,0,5.4996,21141300,04-12-2028
2028,12,5,1,5.5185,19991000,05-12-2028
2028,12,6,2,5.5047,20161200,06-12-2028
2028,12,7,3,5.5158,22567500,07-12-2028
2028,12,8,4,5.5169,22886200,08-12-2028
2028,12,11,0,5.4292,20832700,11-12-2028
2028,12,12,1,5.4258,20062300,12-12-2028
2028,12,13,2,5.4115,20827400,13-12-2028
2028,12,14,3,5.3517,21949900,14-12-2028
2028,12,15,4,5.348,21896500,15-12-2028
2028,12,18,0,5.4566,21419800,18-12-2028
2028,12,19,1,5.5182,19730700,19-12-2028
2028,12,20,2,5.4914,21823200,20-12-2028
2028,12,21,3,5.4469,22013300,21-12-2028
2028,12,22,4,5.3973,21266700,22-12-2028
2028,12,25,0,5.5386,20762900,25-12-2028
2028,12,26,1,5.5513,19250200,26-12-2028
2028,12,27,2,5.5675,22514700,27-12-2028
2028,12,28,3,5.5606,21691300,28-12-2028
2028,12,29,4,5.5129,20965500,29-12-2028
2029,1,1,0,5.5389,27629900,01-01-2029
2029,1,2,1,5.5901,30496100,02-01-2029
2029,1,3,2,5.6192,18649300,03-01-2029
2029,1,4,3,5.5464,32017700,04-01-2029
2029,1,5,4,5.5216,16084100,05-01-2029
2029,1,8,0,5.5448,12256186.3,08-01-2029
2029,1,9,1,5.5834,12251210.5,09-01-2029
2029,1,10,2,5.529,12686610.5,10-01-2029
2029,1,11,3,5.4129,13646410.5,11-01-2029
2029,1,12,4,5.3827,16290724.2,12-01-2029
2029,1,15,0,5.4234,12978624.2,15-01-2029
2029,1,16,1,5.478,14877886.3,16-01-2029
2029,1,17,2,5.4803,15705124.2,17-01-2029
2029,1,18,3,5.4078,14351024.2,18-01-2029
2029,1,19,4,5.397,16333124.2,19-01-2029
2029,1,22,0,5.4217,14348324.2,22-01-2029
2029,1,23,1,5.6159,15614024.2,23-01-2029
2029,1,24,2,5.6488,13802724.2,24-01-2029
2029,1,25,3,5.4486,15578724.2,25-01-2029
2029,1,26,4,5.5524,14215462.1,26-01-2029
2029,1,29,0,5.6845,14054024.2,29-01-2029
2029,1,30,1,5.7217,14265624.2,30-01-2029
2029,1,31,2,5.7218,13953624.2,31-01-2029
2029,2,1,3,5.7039,16993548.4,01-02-2029
2029,2,2,4,5.6586,16692662.1,02-02-2029
2029,2,5,0,5.4627,12114524.2,05-02-2029
2029,2,6,1,5.5386,11542448.4,06-02-2029
2029,2,7,2,5.5269,10435048.4,07-02-2029
2029,2,8,3,5.4937,10037724.2,08-02-2029
2029,2,9,4,5.4666,10148862.1,09-02-2029
2029,2,12,0,5.4072,10189062.1,12-02-2029
2029,2,13,1,5.4554,10030862.1,13-02-2029
2029,2,14,2,5.4173,10444962.1,14-02-2029
2029,2,15,3,5.3355,10698162.1,15-02-2029
2029,2,16,4,5.3636,10554862.1,16-02-2029
2029,2,19,0,5.3993,10304662.1,19-02-2029
2029,2,20,1,5.4735,10401462.1,20-02-2029
2029,2,21,2,5.433,10913400,21-02-2029
2029,2,22,3,5.3583,9528400,22-02-2029
2029,2,23,4,5.5195,9918700,23-02-2029
2029,2,26,0,5.5854,9299900,26-02-2029
2029,2,27,1,5.7401,10001200,27-02-2029
2029,2,28,2,5.8113,10456400,28-02-2029
2029,3,1,3,6.0716,10481124.2,01-03-2029
2029,3,2,4,6.3066,10032062.1,02-03-2029
2029,3,5,0,6.4633,9585524.2,05-03-2029
2029,3,6,1,6.4164,9378500,06-03-2029
2029,3,7,2,6.4326,14772300,07-03-2029
2029,3,8,3,6.322,14837124.2,08-03-2029
2029,3,9,4,6.3611,16443762.1,09-03-2029
2029,3,12,0,6.4637,12781462.1,12-03-2029
2029,3,13,1,6.4286,12423124.2,13-03-2029
2029,3,14,2,6.4315,13606124.2,14-03-2029
2029,3,15,3,6.3072,14317324.2,15-03-2029
2029,3,16,4,6.34,16758462.1,16-03-2029
2029,3,19,0,6.0056,13795162.1,19-03-2029
2029,3,20,1,5.8265,14482424.2,20-03-2029
2029,3,21,2,5.7018,15561062.1,21-03-2029
2029,3,22,3,5.3846,14441262.1,22-03-2029
2029,3,23,4,5.5015,16786600,23-03-2029
2029,3,26,0,5.5645,12294762.1,26-03-2029
2029,3,27,1,5.6864,13626362.1,27-03-2029
2029,3,28,2,5.6835,15357562.1,28-03-2029
2029,3,29,3,5.5836,15368562.1,29-03-2029
2029,3,30,4,5.5974,14943500,30-03-2029
2029,4,2,0,5.5705,13541124.2,02-04-2029
2029,4,3,1,5.5244,13093948.4,03-04-2029
2029,4,4,2,5.5011,13651848.4,04-04-2029
2029,4,5,3,5.4423,13901648.4,05-04-2029
2029,4,6,4,5.4416,15790824.2,06-04-2029
2029,4,9,0,5.4577,13101524.2,09-04-2029
2029,4,10,1,5.4094,12243048.4,10-04-2029
2029,4,11,2,5.3856,12299448.4,11-04-2029
2029,4,12,3,5.3063,13608024.2,12-04-2029
2029,4,13,4,5.3118,16076462.1,13-04-2029
2029,4,16,0,5.3581,14492562.1,16-04-2029
2029,4,17,1,5.4462,14782524.2,17-04-2029
2029,4,18,2,5.4007,16704762.1,18-04-2029
2029,4,19,3,5.3593,15083162.1,19-04-2029
2029,4,20,4,5.3424,16514100,20-04-2029
2029,4,23,0,5.5128,14064362.1,23-04-2029
2029,4,24,1,5.5545,15558162.1,24-04-2029
2029,4,25,2,5.517,14186862.1,25-04-2029
2029,4,26,3,5.5119,15677162.1,26-04-2029
2029,4,27,4,5.5577,14600500,27-04-2029
2029,4,30,0,5.6062,14497862.1,30-04-2029
2029,5,1,1,5.6867,13776548.4,01-05-2029
2029,5,2,2,5.6901,13333248.4,02-05-2029
2029,5,3,3,5.6343,14209948.4,03-05-2029
2029,5,4,4,5.4544,16411424.2,04-05-2029
2029,5,7,0,5.5386,11980224.2,07-05-2029
2029,5,8,1,5.6131,9691848.4,08-05-2029
2029,5,9,2,5.6102,10142962.1,09-05-2029
2029,5,10,3,5.4266,10067024.2,10-05-2029
2029,5,11,4,5.3418,10200562.1,11-05-2029
2029,5,14,0,5.346,10357062.1,14-05-2029
2029,5,15,1,5.4017,10918062.1,15-05-2029
2029,5,16,2,5.3845,10649562.1,16-05-2029
2029,5,17,3,5.4064,11415762.1,17-05-2029
2029,5,18,4,5.356,12337062.1,18-05-2029
2029,5,21,0,5.3937,12676762.1,21-05-2029
2029,5,22,1,5.4439,13448362.1,22-05-2029
2029,5,23,2,5.5011,13597562.1,23-05-2029
2029,5,24,3,5.4991,13494962.1,24-05-2029
2029,5,25,4,5.4462,13793900,25-05-2029
2029,5,28,0,5.5835,13265262.1,28-05-2029
2029,5,29,1,5.6099,12932662.1,29-05-2029
2029,5,30,2,5.5903,12322462.1,30-05-2029
2029,5,31,3,5.5015,13448962.1,31-05-2029
2029,6,1,4,5.5444,18995624.2,01-06-2029
2029,6,4,0,5.5035,19410000,04-06-2029
2029,6,5,1,5.5185,18113000,05-06-2029
2029,6,6,2,5.5047,17305000,06-06-2029
2029,6,7,3,5.5158,18800362.1,07-06-2029
2029,6,8,4,5.5169,21246500,08-06-2029
2029,6,11,0,5.4292,20526200,11-06-2029
2029,6,12,1,5.4258,18961700,12-06-2029
2029,6,13,2,5.4115,19454600,13-06-2029
2029,6,14,3,5.3517,21118100,14-06-2029
2029,6,15,4,5.348,22033100,15-06-2029
2029,6,18,0,5.4566,20336600,18-06-2029
2029,6,19,1,5.5182,17660300,19-06-2029
2029,6,20,2,5.4914,16726200,20-06-2029
2029,6,21,3,5.4469,14274162.1,21-06-2029
2029,6,22,4,5.3973,15209600,22-06-2029
2029,6,25,0,5.5386,14545462.1,25-06-2029
2029,6,26,1,5.5513,14251562.1,26-06-2029
2029,6,27,2,5.5675,14051262.1,27-06-2029
2029,6,28,3,5.5606,14372062.1,28-06-2029
2029,6,29,4,5.5129,15567400,29-06-2029
2029,7,2,0,5.533,11415724.2,02-07-2029
2029,7,3,1,5.5268,10728148.4,03-07-2029
2029,7,4,2,5.5116,10525024.2,04-07-2029
2029,7,5,3,5.5176,10008824.2,05-07-2029
2029,7,6,4,5.512,9997362.1,06-07-2029
2029,7,9,0,5.5061,10003224.2,09-07-2029
2029,7,10,1,5.4522,9802724.2,10-07-2029
2029,7,11,2,5.4439,10612662.1,11-07-2029
2029,7,12,3,5.3708,10809662.1,12-07-2029
2029,7,13,4,5.3798,10370562.1,13-07-2029
2029,7,16,0,5.4217,10747962.1,16-07-2029
2029,7,17,1,5.4783,10243162.1,17-07-2029
2029,7,18,2,5.489,11270962.1,18-07-2029
2029,7,19,3,5.4576,10914262.1,19-07-2029
2029,7,20,4,5.4311,9943862.1,20-07-2029
2029,7,23,0,5.5151,9910600,23-07-2029
2029,7,24,1,5.5403,9600300,24-07-2029
2029,7,25,2,5.5056,9612400,25-07-2029
2029,7,26,3,5.5131,9392200,26-07-2029
2029,7,27,4,5.5252,15398800,27-07-2029
2029,7,30,0,5.5748,12408062.1,30-07-2029
2029,7,31,1,5.5072,12936462.1,31-07-2029
2029,8,1,2,5.5491,12721848.4,01-08-2029
2029,8,2,3,5.5342,13326348.4,02-08-2029
2029,8,3,4,5.5434,15793024.2,03-08-2029
2029,8,6,0,5.4931,11854624.2,06-08-2029
2029,8,7,1,5.5259,9395348.4,07-08-2029
2029,8,8,2,5.5313,9243500,08-08-2029
2029,8,9,3,5.4886,9700700,09-08-2029
2029,8,10,4,5.4034,10197862.1,10-08-2029
2029,8,13,0,5.399,10711462.1,13-08-2029
2029,8,14,1,5.4329,10136962.1,14-08-2029
2029,8,15,2,5.4024,10695462.1,15-08-2029
2029,8,16,3,5.3832,10420162.1,16-08-2029
2029,8,17,4,5.4049,10791162.1,17-08-2029
2029,8,20,0,5.4744,10133462.1,20-08-2029
2029,8,21,1,5.4921,10072100,21-08-2029
2029,8,22,2,5.464,9610100,22-08-2029
2029,8,23,3,5.5066,9144500,23-08-2029
2029,8,24,4,5.4851,10691157.1,24-08-2029
2029,8,27,0,5.5887,9263700,27-08-2029
2029,8,28,1,5.6121,9955300,28-08-2029
2029,8,29,2,5.5839,10060300,29-08-2029
2029,8,30,3,5.5394,10147600,30-08-2029
2029,8,31,4,5.4594,26736000,31-08-2029
2029,9,3,0,5.5308,24599800,03-09-2029
2029,9,4,1,5.5054,20633900,04-09-2029
2029,9,5,2,5.5233,21615700,05-09-2029
2029,9,6,3,5.5057,22825300,06-09-2029
2029,9,7,4,5.5213,22653900,07-09-2029
2029,9,10,0,5.4323,20556000,10-09-2029
2029,9,11,1,5.4355,18606800,11-09-2029
2029,9,12,2,5.4189,20893600,12-09-2029
2029,9,13,3,5.3599,22136200,13-09-2029
2029,9,14,4,5.3501,22339900,14-09-2029
2029,9,17,0,5.4557,20162300,17-09-2029
2029,9,18,1,5.503,17675800,18-09-2029
2029,9,19,2,5.5048,16716400,19-09-2029
2029,9,20,3,5.4596,13298562.1,20-09-2029
2029,9,21,4,5.4223,13911200,21-09-2029
2029,9,24,0,5.5241,13094862.1,24-09-2029
2029,9,25,1,5.5332,11709862.1,25-09-2029
2029,9,26,2,5.5296,10942762.1,26-09-2029
2029,9,27,3,5.555,9394900,27-09-2029
2029,9,28,4,5.527,15777400,28-09-2029
2029,10,1,0,5.5141,13913124.2,01-10-2029
2029,10,2,1,5.5446,12855148.4,02-10-2029
2029,10,3,2,5.5315,13116748.4,03-10-2029
2029,10,4,3,5.5184,13631348.4,04-10-2029
2029,10,5,4,5.5109,14547124.2,05-10-2029
2029,10,8,0,5.5247,12063048.4,08-10-2029
2029,10,9,1,5.5075,10937448.4,09-10-2029
2029,10,10,2,5.4485,10444824.2,10-10-2029
2029,10,11,3,5.3811,11477624.2,11-10-2029
2029,10,12,4,5.3862,12667562.1,12-10-2029
2029,10,15,0,5.4,11373524.2,15-10-2029
2029,10,16,1,5.4533,10324424.2,16-10-2029
2029,10,17,2,5.4881,11539862.1,17-10-2029
2029,10,18,3,5.4432,11161824.2,18-10-2029
2029,10,19,4,5.4062,10829062.1,19-10-2029
2029,10,22,0,5.4531,9387100,22-10-2029
2029,10,23,1,5.5455,15965400,23-10-2029
2029,10,24,2,5.5192,12590062.1,24-10-2029
2029,10,25,3,5.4926,12375162.1,25-10-2029
2029,10,26,4,5.4809,13852900,26-10-2029
2029,10,29,0,5.5758,13342762.1,29-10-2029
2029,10,30,1,5.5754,11342862.1,30-10-2029
2029,10,31,2,5.496,14037662.1,31-10-2029
2029,11,1,3,5.5452,22642924.2,01-11-2029
2029,11,2,4,5.5337,27574600,02-11-2029
2029,11,5,0,5.486,26569400,05-11-2029
2029,11,6,1,5.5268,19074700,06-11-2029
2029,11,7,2,5.5047,20248300,07-11-2029
2029,11,8,3,5.5236,22065500,08-11-2029
2029,11,9,4,5.4904,22794500,09-11-2029
2029,11,12,0,5.4235,21171500,12-11-2029
2029,11,13,1,5.4197,20342800,13-11-2029
2029,11,14,2,5.3999,21177800,14-11-2029
2029,11,15,3,5.3712,22694400,15-11-2029
2029,11,16,4,5.3803,22116700,16-11-2029
2029,11,19,0,5.473,21049300,19-11-2029
2029,11,20,1,5.511,19171800,20-11-2029
2029,11,21,2,5.4827,19786400,21-11-2029
2029,11,22,3,5.4375,20085100,22-11-2029
2029,11,23,4,5.4671,20437700,23-11-2029
2029,11,26,0,5.5485,19530800,26-11-2029
2029,11,27,1,5.5923,18997300,27-11-2029
2029,11,28,2,5.6069,20509500,28-11-2029
2029,11,29,3,5.5384,20712400,29-11-2029
2029,11,30,4,5.5139,20611200,30-11-2029
2029,12,3,0,5.5375,24299300,03-12-2029
2029,12,4,1,5.5024,20637200,04-12-2029
2029,12,5,2,5.5233,21988100,05-12-2029
2029,12,6,3,5.5057,23079300,06-12-2029
2029,12,7,4,5.5213,22731300,07-12-2029
2029,12,10,0,5.4323,21101700,10-12-2029
2029,12,11,1,5.4355,20091100,11-12-2029
2029,12,12,2,5.4189,20967200,12-12-2029
2029,12,13,3,5.3599,22279900,13-12-2029
2029,12,14,4,5.3501,22474400,14-12-2029
2029,12,17,0,5.4557,21323400,17-12-2029
2029,12,18,1,5.503,19963600,18-12-2029
2029,12,19,2,5.5048,20115500,19-12-2029
2029,12,20,3,5.4596,21517400,20-12-2029
2029,12,21,4,5.4223,21593100,21-12-2029
2029,12,24,0,5.5241,20472500,24-12-2029
2029,12,25,1,5.5332,19430500,25-12-2029
2029,12,26,2,5.5296,22508900,26-12-2029
2029,12,27,3,5.555,21694400,27-12-2029
2029,12,28,4,5.527,21493500,28-12-2029
2029,12,31,0,5.5096,19150200,31-12-2029
